﻿<?xml version="1.0" encoding="utf-8"?>
<publishData>
  <publishProfile publishUrl="C:\Users\Tanishka\OneDrive\Desktop\thrift" deleteExistingFiles="True" ftpAnonymousLogin="False" ftpPassiveMode="True" msdeploySite="" msdeploySiteID="" msdeployRemoteSitePhysicalPath="" msdeployAllowUntrustedCertificate="False" msdeploySkipExtraFilesOnServer="True" msdeployMarkAsApp="False" profileName="Profile1" publishMethod="FileSystem" replaceMatchingFiles="False" userName="" savePWD="False" userPWD="" SelectedForPublish="True">
    <file relUrl="BackgroundImage/back.jpg" publishTime="11/28/2024 13:13:57" />
    <file relUrl="ProductDisplay.aspx" publishTime="11/28/2024 14:27:12" />
    <file relUrl="Images/P002.jpg" publishTime="10/26/2024 09:47:37" />
    <file relUrl="Web.config" publishTime="11/28/2024 16:34:35" />
    <file relUrl="bin/ClothingStore.dll" publishTime="11/28/2024 16:33:51" />
    <file relUrl="bin/ClothingStore.pdb" publishTime="11/28/2024 16:33:51" />
    <file relUrl="Images/P001.jpg" publishTime="10/26/2024 09:47:37" />
    <file relUrl="Images/P003.jpg" publishTime="10/26/2024 09:47:37" />
    <file relUrl="WebForm1.aspx" publishTime="11/28/2024 16:33:37" />
    <file relUrl="Images/P005.jpg" publishTime="10/26/2024 09:47:37" />
    <file relUrl="Images/P004.jpg" publishTime="10/26/2024 09:47:37" />
  </publishProfile>
</publishData>